batch_size,p95_latency_total_ms,p95_latency_per_sample_ms,mean_latency_per_sample_ms,throughput_samples_per_sec,memory_max_mb,memory_mean_mb
1,423.3227968215942,423.3227968215942,397.76453375816345,2.5140501858016058,0.09375,-4.787890625
1,412.08413839340204,412.08413839340204,395.9363043308258,2.5256587715291876,10.90625,-0.043359375
2,798.4174847602844,399.2087423801422,391.307857632637,2.5555326336912154,11.953125,-1.458203125
4,1620.7993745803833,405.1998436450958,388.34616243839264,2.575022226873789,53.421875,-0.668359375
8,3313.5389566421504,414.1923695802688,395.2833913266659,2.529830551806794,50.84375,-0.1015625
