batch_size,p95_latency_total_ms,p95_latency_per_sample_ms,mean_latency_per_sample_ms,throughput_samples_per_sec,memory_max_mb,memory_mean_mb
1,462.3778581619262,462.3778581619262,415.6486392021179,2.4058782002019954,10.625,-4.96953125
1,406.72045946121216,406.72045946121216,394.11890506744385,2.5373053338531792,1.390625,-0.133984375
2,885.0433349609374,442.5216674804687,405.4139941930771,2.466614409772331,48.546875,-1.186328125
4,1823.4415650367735,455.86039125919336,411.44362837076187,2.430466608414399,79.875,-1.3203125
8,3563.334846496582,445.41685581207275,405.3807504475117,2.4668166875118533,669.875,0.36328125
