batch_size,p95_latency_total_ms,p95_latency_per_sample_ms,mean_latency_per_sample_ms,throughput_samples_per_sec,memory_max_mb,memory_mean_mb
1,389.16860818862915,389.16860818862915,385.8930170536041,2.5913917998186804,0.015625,-2.837890625
1,388.8286590576172,388.8286590576172,385.5006217956543,2.594029538375372,0.046875,-0.216015625
2,778.7394046783447,389.36970233917236,381.9813311100006,2.6179289890793807,0.109375,-0.004296875
4,1573.2699990272522,393.31749975681305,388.54249715805054,2.57372104033506,0.203125,-2.240625
8,3116.6958808898926,389.5869851112366,379.2884863913059,2.6365155702836596,29.703125,-0.423046875
